{"cameraMode":{"drawMode":0,"name":"Shaded","section":"Shading Mode"},"sceneLighting":true,"audioPlay":false,"sceneViewState":{"showFog":true,"showMaterialUpdate":false,"showSkybox":true,"showFlares":true,"showImageEffects":true,"showParticleSystems":true},"in2DMode":false,"pivot":{"x":0.00741538405418396,"y":-0.003624826669692993,"z":0.20911623537540437},"rotation":{"x":0.0822419598698616,"y":0.36484426259994509,"z":-0.03237714618444443,"w":0.9268806576728821},"size":0.1426129937171936,"orthographic":false}