{"cameraMode":{"drawMode":0,"name":"Shaded","section":"Shading Mode"},"sceneLighting":true,"audioPlay":false,"sceneViewState":{"showFog":true,"showMaterialUpdate":false,"showSkybox":true,"showFlares":true,"showImageEffects":true,"showParticleSystems":true},"in2DMode":false,"pivot":{"x":-0.4090000092983246,"y":-0.16199997067451478,"z":0.5660000443458557},"rotation":{"x":-0.10187254846096039,"y":-0.07096922397613526,"z":0.007327442057430744,"w":-0.9922736287117004},"size":0.04628666117787361,"orthographic":false}